rapidez, referencia, tiempo, pid,-0.05,0.4,1.50544905663,100,
rapidez, referencia, tiempo, pid,-0.05,0.4,1.57209801674,100,
rapidez, referencia, tiempo, pid,-0.05,0.4,1.58516001701,100,
rapidez, referencia, tiempo, pid,-0.05,0.4,1.59834289551,100,
rapidez, referencia, tiempo, pid,-0.05,0.4,1.60986399651,100,
rapidez, referencia, tiempo, pid,-0.05,0.4,1.62209296227,100,
rapidez, referencia, tiempo, pid,-0.05,0.4,1.63514494896,100,
rapidez, referencia, tiempo, pid,-0.05,0.4,1.64703893661,100,
rapidez, referencia, tiempo, pid,-0.05,0.4,1.65922188759,100,
rapidez, referencia, tiempo, pid,-0.05,0.4,1.6720969677,100,
rapidez, referencia, tiempo, pid,-0.05,0.4,1.68496203423,100,
rapidez, referencia, tiempo, pid,-0.05,0.4,1.69689393044,100,
rapidez, referencia, tiempo, pid,-0.05,0.4,1.70917487144,100,
rapidez, referencia, tiempo, pid,-0.05,0.4,1.72178387642,100,
rapidez, referencia, tiempo, pid,-0.05,0.4,1.73445701599,100,
rapidez, referencia, tiempo, pid,-0.05,0.4,1.74685096741,100,
rapidez, referencia, tiempo, pid,-0.05,0.4,1.75948405266,100,
rapidez, referencia, tiempo, pid,-0.05,0.4,1.7721619606,100,
rapidez, referencia, tiempo, pid,-0.05,0.4,1.7847878933,100,
rapidez, referencia, tiempo, pid,-0.05,0.4,1.79650402069,100,
rapidez, referencia, tiempo, pid,-0.05,0.4,1.80918908119,100,
rapidez, referencia, tiempo, pid,-0.05,0.4,1.82178592682,100,
rapidez, referencia, tiempo, pid,-0.05,0.4,1.8346619606,100,
rapidez, referencia, tiempo, pid,-0.05,0.4,1.84585595131,100,
rapidez, referencia, tiempo, pid,-0.05,0.4,1.8591940403,100,
rapidez, referencia, tiempo, pid,-0.05,0.4,1.87160491943,100,
rapidez, referencia, tiempo, pid,-0.05,0.4,1.8835439682,100,
rapidez, referencia, tiempo, pid,-0.05,0.4,1.89572691917,100,
rapidez, referencia, tiempo, pid,-0.05,0.4,1.90887904167,100,
rapidez, referencia, tiempo, pid,-0.05,0.4,1.92166495323,100,
rapidez, referencia, tiempo, pid,0.065128264872,0.4,1.93016505241,100,
rapidez, referencia, tiempo, pid,0.065128264872,0.4,1.94313788414,100,
rapidez, referencia, tiempo, pid,0.065128264872,0.4,1.95574998856,100,
rapidez, referencia, tiempo, pid,0.065128264872,0.4,1.96790289879,100,
rapidez, referencia, tiempo, pid,0.065128264872,0.4,1.9803109169,100,
rapidez, referencia, tiempo, pid,0.065128264872,0.4,1.99308109283,100,
rapidez, referencia, tiempo, pid,0.065128264872,0.4,2.00489592552,100,
rapidez, referencia, tiempo, pid,0.065128264872,0.4,2.01777291298,100,
rapidez, referencia, tiempo, pid,0.065128264872,0.4,2.03025507927,100,
rapidez, referencia, tiempo, pid,0.065128264872,0.4,2.04312396049,100,
rapidez, referencia, tiempo, pid,0.065128264872,0.4,2.05497097969,100,
rapidez, referencia, tiempo, pid,0.065128264872,0.4,2.06725096703,100,
rapidez, referencia, tiempo, pid,0.065128264872,0.4,2.08031392097,100,
rapidez, referencia, tiempo, pid,0.065128264872,0.4,2.09317302704,100,
rapidez, referencia, tiempo, pid,0.065128264872,0.4,2.10459208488,100,
rapidez, referencia, tiempo, pid,0.065128264872,0.4,2.11746287346,100,
rapidez, referencia, tiempo, pid,0.065128264872,0.4,2.13013100624,100,
rapidez, referencia, tiempo, pid,0.065128264872,0.4,2.14206504822,100,
rapidez, referencia, tiempo, pid,0.065128264872,0.4,2.15424990654,100,
rapidez, referencia, tiempo, pid,0.065128264872,0.4,2.16738986969,100,
rapidez, referencia, tiempo, pid,0.065128264872,0.4,2.18020200729,100,
rapidez, referencia, tiempo, pid,0.065128264872,0.4,2.19195985794,100,
rapidez, referencia, tiempo, pid,0.065128264872,0.4,2.20412397385,100,
rapidez, referencia, tiempo, pid,0.065128264872,0.4,2.21719098091,100,
rapidez, referencia, tiempo, pid,0.065128264872,0.4,2.23008108139,100,
rapidez, referencia, tiempo, pid,0.065128264872,0.4,2.24186992645,100,
rapidez, referencia, tiempo, pid,0.065128264872,0.4,2.25413608551,100,
rapidez, referencia, tiempo, pid,0.376245036399,0.4,2.26462888718,100,
rapidez, referencia, tiempo, pid,0.376245036399,0.4,2.27577996254,100,
rapidez, referencia, tiempo, pid,0.376245036399,0.4,2.28850102425,100,
rapidez, referencia, tiempo, pid,0.376245036399,0.4,2.30105900764,100,
rapidez, referencia, tiempo, pid,0.376245036399,0.4,2.31323289871,100,
rapidez, referencia, tiempo, pid,0.376245036399,0.4,2.32585692406,100,
rapidez, referencia, tiempo, pid,0.376245036399,0.4,2.33849906921,100,
rapidez, referencia, tiempo, pid,0.376245036399,0.4,2.35137701035,100,
rapidez, referencia, tiempo, pid,0.376245036399,0.4,2.3637008667,100,
rapidez, referencia, tiempo, pid,0.376245036399,0.4,2.37621307373,100,
rapidez, referencia, tiempo, pid,0.376245036399,0.4,2.38958001137,100,
rapidez, referencia, tiempo, pid,0.376245036399,0.4,2.40069198608,100,
rapidez, referencia, tiempo, pid,0.376245036399,0.4,2.41356897354,100,
rapidez, referencia, tiempo, pid,0.376245036399,0.4,2.4253320694,100,
rapidez, referencia, tiempo, pid,0.376245036399,0.4,2.43789887428,100,
rapidez, referencia, tiempo, pid,0.376245036399,0.4,2.45071005821,100,
rapidez, referencia, tiempo, pid,0.376245036399,0.4,2.46360588074,100,
rapidez, referencia, tiempo, pid,0.376245036399,0.4,2.47540998459,100,
rapidez, referencia, tiempo, pid,0.376245036399,0.4,2.48793888092,100,
rapidez, referencia, tiempo, pid,0.376245036399,0.4,2.50087189674,100,
rapidez, referencia, tiempo, pid,0.512953960104,0.4,2.50917387009,100,
rapidez, referencia, tiempo, pid,0.512953960104,0.4,2.52233600616,100,
rapidez, referencia, tiempo, pid,0.512953960104,0.4,2.53517103195,100,
rapidez, referencia, tiempo, pid,0.512953960104,0.4,2.5469379425,100,
rapidez, referencia, tiempo, pid,0.512953960104,0.4,2.55928587914,100,
rapidez, referencia, tiempo, pid,0.512953960104,0.4,2.57234287262,100,
rapidez, referencia, tiempo, pid,0.512953960104,0.4,2.58418607712,100,
rapidez, referencia, tiempo, pid,0.512953960104,0.4,2.5966219902,100,
rapidez, referencia, tiempo, pid,0.512953960104,0.4,2.60945987701,100,
rapidez, referencia, tiempo, pid,0.512953960104,0.4,2.62234807014,100,
rapidez, referencia, tiempo, pid,0.512953960104,0.4,2.63417506218,100,
rapidez, referencia, tiempo, pid,0.512953960104,0.4,2.64666891098,100,
rapidez, referencia, tiempo, pid,0.512953960104,0.4,2.65928387642,100,
rapidez, referencia, tiempo, pid,0.512953960104,0.4,2.67233586311,100,
rapidez, referencia, tiempo, pid,0.512953960104,0.4,2.68353295326,100,
rapidez, referencia, tiempo, pid,0.512953960104,0.4,2.69640898705,100,
rapidez, referencia, tiempo, pid,0.641257198369,0.4,2.70554995537,100,
rapidez, referencia, tiempo, pid,0.641257198369,0.4,2.71816587448,100,
rapidez, referencia, tiempo, pid,0.641257198369,0.4,2.73098802567,100,
rapidez, referencia, tiempo, pid,0.641257198369,0.4,2.74355101585,100,
rapidez, referencia, tiempo, pid,0.641257198369,0.4,2.75556898117,100,
rapidez, referencia, tiempo, pid,0.641257198369,0.4,2.7681760788,100,
rapidez, referencia, tiempo, pid,0.641257198369,0.4,2.78105306625,100,
rapidez, referencia, tiempo, pid,0.641257198369,0.4,2.79291987419,100,
rapidez, referencia, tiempo, pid,0.641257198369,0.4,2.8051700592,100,
rapidez, referencia, tiempo, pid,0.641257198369,0.4,2.81852507591,100,
rapidez, referencia, tiempo, pid,0.641257198369,0.4,2.83091902733,100,
rapidez, referencia, tiempo, pid,0.641257198369,0.4,2.84269189835,100,
rapidez, referencia, tiempo, pid,0.641257198369,0.4,2.85532307625,100,
rapidez, referencia, tiempo, pid,0.641257198369,0.4,2.86752295494,100,
rapidez, referencia, tiempo, pid,0.641257198369,0.4,2.88015198708,100,
rapidez, referencia, tiempo, pid,0.641257198369,0.4,2.89272499084,100,
rapidez, referencia, tiempo, pid,0.637762426908,0.4,2.9024939537,100,
rapidez, referencia, tiempo, pid,0.637762426908,0.4,2.91409397125,100,
rapidez, referencia, tiempo, pid,0.637762426908,0.4,2.92670202255,100,
rapidez, referencia, tiempo, pid,0.637762426908,0.4,2.93932986259,100,
rapidez, referencia, tiempo, pid,0.637762426908,0.4,2.95163702965,100,
rapidez, referencia, tiempo, pid,0.637762426908,0.4,2.96418309212,100,
rapidez, referencia, tiempo, pid,0.637762426908,0.4,2.97723507881,100,
rapidez, referencia, tiempo, pid,0.637762426908,0.4,2.98935508728,100,
rapidez, referencia, tiempo, pid,0.637762426908,0.4,3.00167703629,100,
rapidez, referencia, tiempo, pid,0.637762426908,0.4,3.01465296745,100,
rapidez, referencia, tiempo, pid,0.637762426908,0.4,3.02634191513,100,
rapidez, referencia, tiempo, pid,0.637762426908,0.4,3.03922390938,100,
rapidez, referencia, tiempo, pid,0.637762426908,0.4,3.05175304413,100,
rapidez, referencia, tiempo, pid,0.637762426908,0.4,3.06462693214,100,
rapidez, referencia, tiempo, pid,0.736608740051,0.4,3.07305598259,100,
rapidez, referencia, tiempo, pid,0.736608740051,0.4,3.08582091331,100,
rapidez, referencia, tiempo, pid,0.736608740051,0.4,3.09792685509,100,
rapidez, referencia, tiempo, pid,0.736608740051,0.4,3.11064291,84.1888206031,
rapidez, referencia, tiempo, pid,0.736608740051,0.4,3.12303900719,57.457409715,
rapidez, referencia, tiempo, pid,0.736608740051,0.4,3.13591790199,30.7259988269,
rapidez, referencia, tiempo, pid,0.736608740051,0.4,3.14774894714,3.99458793887,
rapidez, referencia, tiempo, pid,0.686608740051,0.4,3.16016197205,-22.7368229492,
rapidez, referencia, tiempo, pid,0.686608740051,0.4,3.17454504967,91.5034608755,
rapidez, referencia, tiempo, pid,0.686608740051,0.4,3.18719291687,68.7427447002,
rapidez, referencia, tiempo, pid,0.686608740051,0.4,3.19933700562,45.982028525,
rapidez, referencia, tiempo, pid,0.686608740051,0.4,3.21146202087,23.2213123497,
rapidez, referencia, tiempo, pid,0.686608740051,0.4,3.22570896149,0.460596174411,
rapidez, referencia, tiempo, pid,0.728901085664,0.4,3.23444890976,-10,
rapidez, referencia, tiempo, pid,0.678901085664,0.4,3.24746894836,-10,
rapidez, referencia, tiempo, pid,0.628901085664,0.4,3.26030802727,-56.7782247663,
rapidez, referencia, tiempo, pid,0.628901085664,0.4,3.27453804016,62.0448486217,
rapidez, referencia, tiempo, pid,0.628901085664,0.4,3.28776407242,43.8669220096,
rapidez, referencia, tiempo, pid,0.628901085664,0.4,3.29931306839,25.6889953976,
rapidez, referencia, tiempo, pid,0.628901085664,0.4,3.31042098999,7.51106878553,
rapidez, referencia, tiempo, pid,0.578901085664,0.4,3.32181406021,-10.6668578265,
rapidez, referencia, tiempo, pid,0.578901085664,0.4,3.33327102661,100,
rapidez, referencia, tiempo, pid,0.578901085664,0.4,3.34447193146,97.919678375,
rapidez, referencia, tiempo, pid,0.578901085664,0.4,3.35615587234,83.7124464757,
rapidez, referencia, tiempo, pid,0.578901085664,0.4,3.36911296844,69.5052145765,
rapidez, referencia, tiempo, pid,0.578901085664,0.4,3.38181495667,55.2979826772,
rapidez, referencia, tiempo, pid,0.578901085664,0.4,3.3937060833,41.090750778,
rapidez, referencia, tiempo, pid,0.694821617828,0.4,3.40304303169,-10,
rapidez, referencia, tiempo, pid,0.644821617828,0.4,3.41613888741,-10,
rapidez, referencia, tiempo, pid,0.594821617828,0.4,3.42806100845,-10,
rapidez, referencia, tiempo, pid,0.544821617828,0.4,3.44048786163,-88.2421674661,
rapidez, referencia, tiempo, pid,0.544821617828,0.4,3.45331788063,37.2579838897,
rapidez, referencia, tiempo, pid,0.544821617828,0.4,3.46618008614,25.7571352455,
rapidez, referencia, tiempo, pid,0.544821617828,0.4,3.47805309296,14.2562866013,
rapidez, referencia, tiempo, pid,0.544821617828,0.4,3.49009609222,2.75543795715,
rapidez, referencia, tiempo, pid,0.494821617828,0.4,3.50295591354,-8.74541068704,
rapidez, referencia, tiempo, pid,0.494821617828,0.4,3.51539301872,100,
rapidez, referencia, tiempo, pid,0.494821617828,0.4,3.53122806549,100,
rapidez, referencia, tiempo, pid,0.494821617828,0.4,3.54258108139,100,
rapidez, referencia, tiempo, pid,0.494821617828,0.4,3.55514287949,98.1349735874,
rapidez, referencia, tiempo, pid,0.494821617828,0.4,3.56805896759,90.604819656,
rapidez, referencia, tiempo, pid,0.494821617828,0.4,3.57985496521,83.0746657246,
rapidez, referencia, tiempo, pid,0.494821617828,0.4,3.59236502647,75.5445117932,
rapidez, referencia, tiempo, pid,0.581318923835,0.4,3.60215806961,-10,
rapidez, referencia, tiempo, pid,0.531318923835,0.4,3.61525988579,-10,
rapidez, referencia, tiempo, pid,0.481318923835,0.4,3.62677788734,-67.6565621454,
rapidez, referencia, tiempo, pid,0.481318923835,0.4,3.63921403885,62.8865854362,
rapidez, referencia, tiempo, pid,0.481318923835,0.4,3.65204596519,56.4287330177,
rapidez, referencia, tiempo, pid,0.481318923835,0.4,3.66399407387,49.9708805992,
rapidez, referencia, tiempo, pid,0.481318923835,0.4,3.67635297775,43.5130281807,
rapidez, referencia, tiempo, pid,0.481318923835,0.4,3.68922185898,37.0551757622,
rapidez, referencia, tiempo, pid,0.481318923835,0.4,3.70206999779,30.5973233437,
rapidez, referencia, tiempo, pid,0.481318923835,0.4,3.71396589279,24.1394709252,
rapidez, referencia, tiempo, pid,0.481318923835,0.4,3.72909188271,17.6816185068,
rapidez, referencia, tiempo, pid,0.481318923835,0.4,3.74483990669,11.2237660883,
rapidez, referencia, tiempo, pid,0.481318923835,0.4,3.75285005569,4.76591366979,
rapidez, referencia, tiempo, pid,0.431318923835,0.4,3.76411294937,-1.69193874869,
rapidez, referencia, tiempo, pid,0.431318923835,0.4,3.77805805206,100,
rapidez, referencia, tiempo, pid,0.431318923835,0.4,3.78931808472,100,
rapidez, referencia, tiempo, pid,0.431318923835,0.4,3.80072903633,100,
rapidez, referencia, tiempo, pid,0.555641704957,0.4,3.80989408493,-10,
rapidez, referencia, tiempo, pid,0.505641704957,0.4,3.82237792015,-10,
rapidez, referencia, tiempo, pid,0.455641704957,0.4,3.83550405502,-10,
rapidez, referencia, tiempo, pid,0.455641704957,0.4,3.8472840786,19.7036152351,
rapidez, referencia, tiempo, pid,0.455641704957,0.4,3.8595790863,15.2848907614,
rapidez, referencia, tiempo, pid,0.455641704957,0.4,3.87248396873,10.8661662878,
rapidez, referencia, tiempo, pid,0.455641704957,0.4,3.88529992104,6.44744181411,
rapidez, referencia, tiempo, pid,0.455641704957,0.4,3.89688491821,2.02871734046,
rapidez, referencia, tiempo, pid,0.405641704957,0.4,3.90958309174,-2.39000713319,
rapidez, referencia, tiempo, pid,0.405641704957,0.4,3.92243885994,100,
rapidez, referencia, tiempo, pid,0.405641704957,0.4,3.93474292755,100,
rapidez, referencia, tiempo, pid,0.405641704957,0.4,3.94671607018,100,
rapidez, referencia, tiempo, pid,0.405641704957,0.4,3.95955491066,100,
rapidez, referencia, tiempo, pid,0.405641704957,0.4,3.972260952,100,
rapidez, referencia, tiempo, pid,0.405641704957,0.4,3.98442792892,100,
rapidez, referencia, tiempo, pid,0.405641704957,0.4,3.99672293663,100,
rapidez, referencia, tiempo, pid,0.405641704957,0.4,4.00951004028,100,
rapidez, referencia, tiempo, pid,0.405641704957,0.4,4.02142906189,100,
rapidez, referencia, tiempo, pid,0.518396586487,0.4,4.03097391129,-10,
rapidez, referencia, tiempo, pid,0.468396586487,0.4,4.04383802414,-10,
rapidez, referencia, tiempo, pid,0.418396586487,0.4,4.055768013,-69.5779074697,
rapidez, referencia, tiempo, pid,0.418396586487,0.4,4.06858992577,65.9621479564,
rapidez, referencia, tiempo, pid,0.418396586487,0.4,4.08097600937,64.5012033824,
rapidez, referencia, tiempo, pid,0.418396586487,0.4,4.09364295006,63.0402588085,
rapidez, referencia, tiempo, pid,0.418396586487,0.4,4.10569405556,61.5793142346,
rapidez, referencia, tiempo, pid,0.418396586487,0.4,4.11827206612,60.1183696606,
rapidez, referencia, tiempo, pid,0.418396586487,0.4,4.1309530735,58.6574250867,
rapidez, referencia, tiempo, pid,0.418396586487,0.4,4.14370989799,57.1964805128,
rapidez, referencia, tiempo, pid,0.418396586487,0.4,4.15566706657,55.7355359388,
rapidez, referencia, tiempo, pid,0.418396586487,0.4,4.16859793663,54.2745913649,
rapidez, referencia, tiempo, pid,0.418396586487,0.4,4.18101286888,52.813646791,
rapidez, referencia, tiempo, pid,0.418396586487,0.4,4.19297289848,51.352702217,
rapidez, referencia, tiempo, pid,0.418396586487,0.4,4.20524191856,49.8917576431,
rapidez, referencia, tiempo, pid,0.418396586487,0.4,4.21813607216,48.4308130692,
rapidez, referencia, tiempo, pid,0.418396586487,0.4,4.23100996017,46.9698684952,
rapidez, referencia, tiempo, pid,0.418396586487,0.4,4.24237704277,45.5089239213,
rapidez, referencia, tiempo, pid,0.517354629173,0.4,4.2522649765,-10,
rapidez, referencia, tiempo, pid,0.467354629173,0.4,4.26401996613,-10,
rapidez, referencia, tiempo, pid,0.417354629173,0.4,4.2772538662,-10,
rapidez, referencia, tiempo, pid,0.417354629173,0.4,4.28952693939,19.0269447805,
rapidez, referencia, tiempo, pid,0.417354629173,0.4,4.30240988731,17.6487460945,
rapidez, referencia, tiempo, pid,0.417354629173,0.4,4.31502604485,16.2705474085,
rapidez, referencia, tiempo, pid,0.417354629173,0.4,4.32674694061,14.8923487226,
rapidez, referencia, tiempo, pid,0.417354629173,0.4,4.33946585655,13.5141500366,
rapidez, referencia, tiempo, pid,0.417354629173,0.4,4.35275793076,12.1359513506,
rapidez, referencia, tiempo, pid,0.417354629173,0.4,4.36463689804,10.7577526647,
rapidez, referencia, tiempo, pid,0.417354629173,0.4,4.37691187859,9.37955397869,
rapidez, referencia, tiempo, pid,0.417354629173,0.4,4.38989591599,8.00135529272,
rapidez, referencia, tiempo, pid,0.417354629173,0.4,4.40178203583,6.62315660675,
rapidez, referencia, tiempo, pid,0.417354629173,0.4,4.41497898102,5.24495792078,
rapidez, referencia, tiempo, pid,0.417354629173,0.4,4.42699790001,3.86675923482,
rapidez, referencia, tiempo, pid,0.417354629173,0.4,4.43966007233,2.48856054885,
rapidez, referencia, tiempo, pid,0.417354629173,0.4,4.45214796066,1.11036186288,
rapidez, referencia, tiempo, pid,0.367354629173,0.4,4.46478486061,-0.267836823091,
rapidez, referencia, tiempo, pid,0.367354629173,0.4,4.47629904747,100,
rapidez, referencia, tiempo, pid,0.367354629173,0.4,4.48929405212,100,
rapidez, referencia, tiempo, pid,0.460310837768,0.4,4.4984960556,-10,
rapidez, referencia, tiempo, pid,0.410310837768,0.4,4.51114988327,-10,
rapidez, referencia, tiempo, pid,0.410310837768,0.4,4.52392697334,9.84872907655,
rapidez, referencia, tiempo, pid,0.410310837768,0.4,4.53731703758,9.02990529636,
rapidez, referencia, tiempo, pid,0.410310837768,0.4,4.55036401749,8.21108151618,
rapidez, referencia, tiempo, pid,0.410310837768,0.4,4.56250786781,7.39225773599,
rapidez, referencia, tiempo, pid,0.410310837768,0.4,4.57539892197,6.5734339558,
rapidez, referencia, tiempo, pid,0.410310837768,0.4,4.58737707138,5.75461017561,
rapidez, referencia, tiempo, pid,0.410310837768,0.4,4.5998570919,4.93578639543,
rapidez, referencia, tiempo, pid,0.410310837768,0.4,4.61254692078,4.11696261524,
rapidez, referencia, tiempo, pid,0.410310837768,0.4,4.62540388107,3.29813883505,
rapidez, referencia, tiempo, pid,0.410310837768,0.4,4.63707208633,2.47931505487,
rapidez, referencia, tiempo, pid,0.410310837768,0.4,4.64974808693,1.66049127468,
rapidez, referencia, tiempo, pid,0.410310837768,0.4,4.66262102127,0.841667494493,
rapidez, referencia, tiempo, pid,0.410310837768,0.4,4.67547988892,0.0228437143055,
rapidez, referencia, tiempo, pid,0.360310837768,0.4,4.68753194809,-0.795980065882,
rapidez, referencia, tiempo, pid,0.360310837768,0.4,4.699655056,100,
rapidez, referencia, tiempo, pid,0.360310837768,0.4,4.71283102036,100,
rapidez, referencia, tiempo, pid,0.360310837768,0.4,4.72464990616,100,
rapidez, referencia, tiempo, pid,0.483942724955,0.4,4.73401403427,-10,
rapidez, referencia, tiempo, pid,0.433942724955,0.4,4.7490530014,-10,
rapidez, referencia, tiempo, pid,0.383942724955,0.4,4.75905895233,-76.0908668488,
rapidez, referencia, tiempo, pid,0.383942724955,0.4,4.77100801468,62.1853038936,
rapidez, referencia, tiempo, pid,0.383942724955,0.4,4.78401589394,63.460474636,
rapidez, referencia, tiempo, pid,0.383942724955,0.4,4.79691505432,64.7356453785,
rapidez, referencia, tiempo, pid,0.383942724955,0.4,4.80975008011,66.0108161209,
rapidez, referencia, tiempo, pid,0.383942724955,0.4,4.82173299789,67.2859868634,
rapidez, referencia, tiempo, pid,0.383942724955,0.4,4.83452701569,68.5611576058,
rapidez, referencia, tiempo, pid,0.383942724955,0.4,4.84692907333,69.8363283483,
rapidez, referencia, tiempo, pid,0.383942724955,0.4,4.85980892181,71.1114990907,
rapidez, referencia, tiempo, pid,0.383942724955,0.4,4.87188792229,72.3866698331,
rapidez, referencia, tiempo, pid,0.383942724955,0.4,4.88390803337,73.6618405756,
rapidez, referencia, tiempo, pid,0.383942724955,0.4,4.8998260498,74.937011318,
rapidez, referencia, tiempo, pid,0.383942724955,0.4,4.91263508797,76.2121820605,
rapidez, referencia, tiempo, pid,0.383942724955,0.4,4.92465090752,77.4873528029,
rapidez, referencia, tiempo, pid,0.383942724955,0.4,4.9369199276,78.7625235454,
rapidez, referencia, tiempo, pid,0.383942724955,0.4,4.94982290268,80.0376942878,
rapidez, referencia, tiempo, pid,0.383942724955,0.4,4.96266794205,81.3128650302,
rapidez, referencia, tiempo, pid,0.383942724955,0.4,4.97485399246,82.5880357727,
rapidez, referencia, tiempo, pid,0.383942724955,0.4,4.98679590225,83.8632065151,
rapidez, referencia, tiempo, pid,0.383942724955,0.4,4.99901008606,85.1383772576,
rapidez, referencia, tiempo, pid,0.383942724955,0.4,5.00981402397,86.413548,
rapidez, referencia, tiempo, pid,0.383942724955,0.4,5.02280187607,87.6887187425,
rapidez, referencia, tiempo, pid,0.383942724955,0.4,5.03544998169,88.9638894849,
rapidez, referencia, tiempo, pid,0.383942724955,0.4,5.047549963,90.2390602273,
rapidez, referencia, tiempo, pid,0.389103236016,0.4,5.05682301521,76.9645111724,
rapidez, referencia, tiempo, pid,0.389103236016,0.4,5.06970405579,77.8298656352,
rapidez, referencia, tiempo, pid,0.389103236016,0.4,5.0817899704,78.6952200979,
rapidez, referencia, tiempo, pid,0.389103236016,0.4,5.09409403801,79.5605745606,
rapidez, referencia, tiempo, pid,0.389103236016,0.4,5.10695385933,80.4259290234,
rapidez, referencia, tiempo, pid,0.389103236016,0.4,5.11897206306,81.2912834861,
rapidez, referencia, tiempo, pid,0.389103236016,0.4,5.1327009201,82.1566379488,
rapidez, referencia, tiempo, pid,0.389103236016,0.4,5.14556598663,83.0219924116,
rapidez, referencia, tiempo, pid,0.389103236016,0.4,5.15857791901,83.8873468743,
rapidez, referencia, tiempo, pid,0.389103236016,0.4,5.17044687271,84.752701337,
rapidez, referencia, tiempo, pid,0.389103236016,0.4,5.18267393112,85.6180557997,
rapidez, referencia, tiempo, pid,0.389103236016,0.4,5.19552302361,86.4834102625,
rapidez, referencia, tiempo, pid,0.389103236016,0.4,5.20769405365,87.3487647252,
rapidez, referencia, tiempo, pid,0.389103236016,0.4,5.21983504295,88.2141191879,
rapidez, referencia, tiempo, pid,0.389103236016,0.4,5.23257088661,89.0794736507,
rapidez, referencia, tiempo, pid,0.389103236016,0.4,5.24556803703,89.9448281134,
rapidez, referencia, tiempo, pid,0.389103236016,0.4,5.25757694244,90.8101825761,
rapidez, referencia, tiempo, pid,0.389103236016,0.4,5.26991701126,91.6755370389,
rapidez, referencia, tiempo, pid,0.389103236016,0.4,5.28258395195,92.5408915016,
rapidez, referencia, tiempo, pid,0.389103236016,0.4,5.29469799995,93.4062459643,
rapidez, referencia, tiempo, pid,0.389103236016,0.4,5.30722594261,94.271600427,
rapidez, referencia, tiempo, pid,0.389103236016,0.4,5.31994986534,95.1369548898,
rapidez, referencia, tiempo, pid,0.389103236016,0.4,5.33246898651,96.0023093525,
rapidez, referencia, tiempo, pid,0.389103236016,0.4,5.34517288208,96.8676638152,
rapidez, referencia, tiempo, pid,0.423274986112,0.4,5.35407400131,1.38802783298,
rapidez, referencia, tiempo, pid,0.373274986112,0.4,5.36622691154,-0.460329452916,
rapidez, referencia, tiempo, pid,0.373274986112,0.4,5.37896203995,100,
rapidez, referencia, tiempo, pid,0.373274986112,0.4,5.39521789551,100,
rapidez, referencia, tiempo, pid,0.373274986112,0.4,5.40671205521,100,
rapidez, referencia, tiempo, pid,0.373274986112,0.4,5.41920089722,100,
rapidez, referencia, tiempo, pid,0.373274986112,0.4,5.43181085587,100,
rapidez, referencia, tiempo, pid,0.373274986112,0.4,5.44445991516,100,
rapidez, referencia, tiempo, pid,0.373274986112,0.4,5.45717406273,100,
rapidez, referencia, tiempo, pid,0.373274986112,0.4,5.4697830677,100,
rapidez, referencia, tiempo, pid,0.373274986112,0.4,5.48142695427,100,
rapidez, referencia, tiempo, pid,0.373274986112,0.4,5.4940559864,100,
rapidez, referencia, tiempo, pid,0.373274986112,0.4,5.50664901733,100,
rapidez, referencia, tiempo, pid,0.373274986112,0.4,5.5194299221,100,
rapidez, referencia, tiempo, pid,0.373274986112,0.4,5.53124809265,100,
rapidez, referencia, tiempo, pid,0.373274986112,0.4,5.54390597343,100,
rapidez, referencia, tiempo, pid,0.373274986112,0.4,5.55657601357,100,
rapidez, referencia, tiempo, pid,0.373274986112,0.4,5.56931400299,100,
rapidez, referencia, tiempo, pid,0.373274986112,0.4,5.58100485802,100,
rapidez, referencia, tiempo, pid,0.373274986112,0.4,5.5936088562,100,
rapidez, referencia, tiempo, pid,0.373274986112,0.4,5.60637497902,100,
rapidez, referencia, tiempo, pid,0.430655623627,0.4,5.61557793617,-10,
rapidez, referencia, tiempo, pid,0.430655623627,0.4,5.62804698944,10.8013276357,
rapidez, referencia, tiempo, pid,0.430655623627,0.4,5.64084005356,8.36684518269,
rapidez, referencia, tiempo, pid,0.430655623627,0.4,5.65355992317,5.93236272964,
rapidez, referencia, tiempo, pid,0.430655623627,0.4,5.66499304771,3.49788027659,
rapidez, referencia, tiempo, pid,0.430655623627,0.4,5.67800498009,1.06339782354,
rapidez, referencia, tiempo, pid,0.380655623627,0.4,5.69080901146,-1.37108462951,
rapidez, referencia, tiempo, pid,0.380655623627,0.4,5.70292305946,100,
rapidez, referencia, tiempo, pid,0.380655623627,0.4,5.71493887901,100,
rapidez, referencia, tiempo, pid,0.380655623627,0.4,5.72800993919,100,
rapidez, referencia, tiempo, pid,0.380655623627,0.4,5.74321103096,100,
rapidez, referencia, tiempo, pid,0.380655623627,0.4,5.7543258667,100,
rapidez, referencia, tiempo, pid,0.380655623627,0.4,5.76662898064,100,
rapidez, referencia, tiempo, pid,0.380655623627,0.4,5.77946805954,100,
rapidez, referencia, tiempo, pid,0.380655623627,0.4,5.79223608971,100,
rapidez, referencia, tiempo, pid,0.380655623627,0.4,5.80424404144,100,
rapidez, referencia, tiempo, pid,0.380655623627,0.4,5.81645488739,100,
rapidez, referencia, tiempo, pid,0.380655623627,0.4,5.82937407494,100,
rapidez, referencia, tiempo, pid,0.514023916712,0.4,5.83861494064,-10,
rapidez, referencia, tiempo, pid,0.464023916712,0.4,5.85087609291,-10,
rapidez, referencia, tiempo, pid,0.414023916712,0.4,5.86371803284,-10,
rapidez, referencia, tiempo, pid,0.414023916712,0.4,5.87648105621,32.8195161777,
rapidez, referencia, tiempo, pid,0.414023916712,0.4,5.88802504539,31.7058223389,
rapidez, referencia, tiempo, pid,0.414023916712,0.4,5.90086507797,30.5921285001,
rapidez, referencia, tiempo, pid,0.414023916712,0.4,5.91363501549,29.4784346613,
rapidez, referencia, tiempo, pid,0.414023916712,0.4,5.9257569313,28.3647408225,
rapidez, referencia, tiempo, pid,0.414023916712,0.4,5.93813586235,27.2510469838,
rapidez, referencia, tiempo, pid,0.414023916712,0.4,5.95221590996,26.137353145,
rapidez, referencia, tiempo, pid,0.414023916712,0.4,5.96511101723,25.0236593062,
rapidez, referencia, tiempo, pid,0.414023916712,0.4,5.97708392143,23.9099654674,
rapidez, referencia, tiempo, pid,0.414023916712,0.4,5.98940896988,22.7962716286,
rapidez, referencia, tiempo, pid,0.414023916712,0.4,6.00375795364,21.6825777898,
rapidez, referencia, tiempo, pid,0.414023916712,0.4,6.01578402519,20.568883951,
rapidez, referencia, tiempo, pid,0.414023916712,0.4,6.02814102173,19.4551901123,
rapidez, referencia, tiempo, pid,0.414023916712,0.4,6.0408809185,18.3414962735,
rapidez, referencia, tiempo, pid,0.414023916712,0.4,6.05422401428,17.2278024347,
rapidez, referencia, tiempo, pid,0.510710011442,0.4,6.06218504906,-10,
rapidez, referencia, tiempo, pid,0.460710011442,0.4,6.07500886917,-10,
rapidez, referencia, tiempo, pid,0.410710011442,0.4,6.08812499046,-10,
rapidez, referencia, tiempo, pid,0.360710011442,0.4,6.10003685951,-0.918293991416,
rapidez, referencia, tiempo, pid,0.360710011442,0.4,6.11225295067,100,
rapidez, referencia, tiempo, pid,0.360710011442,0.4,6.12502288818,100,
rapidez, referencia, tiempo, pid,0.360710011442,0.4,6.13706707954,100,
rapidez, referencia, tiempo, pid,0.360710011442,0.4,6.14996600151,100,
rapidez, referencia, tiempo, pid,0.360710011442,0.4,6.16225886345,100,
rapidez, referencia, tiempo, pid,0.360710011442,0.4,6.17515993118,100,
rapidez, referencia, tiempo, pid,0.360710011442,0.4,6.18710303307,100,
rapidez, referencia, tiempo, pid,0.360710011442,0.4,6.19966602325,100,
rapidez, referencia, tiempo, pid,0.360710011442,0.4,6.21226191521,100,
rapidez, referencia, tiempo, pid,0.360710011442,0.4,6.22448396683,100,
rapidez, referencia, tiempo, pid,0.360710011442,0.4,6.23653388023,100,
rapidez, referencia, tiempo, pid,0.360710011442,0.4,6.24950194359,100,
rapidez, referencia, tiempo, pid,0.360710011442,0.4,6.26233696938,100,
rapidez, referencia, tiempo, pid,0.552777674305,0.4,6.27085804939,-10,
rapidez, referencia, tiempo, pid,0.502777674305,0.4,6.28372001648,-10,
rapidez, referencia, tiempo, pid,0.452777674305,0.4,6.29660391808,-10,
rapidez, referencia, tiempo, pid,0.402777674305,0.4,6.30849695206,-10,
rapidez, referencia, tiempo, pid,0.402777674305,0.4,6.3223760128,20.5688145725,
rapidez, referencia, tiempo, pid,0.402777674305,0.4,6.33441591263,20.3482286389,
rapidez, referencia, tiempo, pid,0.402777674305,0.4,6.34666800499,20.1276427054,
rapidez, referencia, tiempo, pid,0.402777674305,0.4,6.36000704765,19.9070567718,
rapidez, referencia, tiempo, pid,0.402777674305,0.4,6.37661504745,19.6864708383,
rapidez, referencia, tiempo, pid,0.402777674305,0.4,6.38881897926,19.4658849048,
rapidez, referencia, tiempo, pid,0.402777674305,0.4,6.4008500576,19.2452989712,
rapidez, referencia, tiempo, pid,0.402777674305,0.4,6.41364407539,19.0247130377,
rapidez, referencia, tiempo, pid,0.402777674305,0.4,6.42574191093,18.8041271042,
rapidez, referencia, tiempo, pid,0.402777674305,0.4,6.43822908401,18.5835411706,
rapidez, referencia, tiempo, pid,0.402777674305,0.4,6.45079708099,18.3629552371,
rapidez, referencia, tiempo, pid,0.402777674305,0.4,6.46338486671,18.1423693036,
rapidez, referencia, tiempo, pid,0.402777674305,0.4,6.47604799271,17.92178337,
rapidez, referencia, tiempo, pid,0.402777674305,0.4,6.48878788948,17.7011974365,
rapidez, referencia, tiempo, pid,0.402777674305,0.4,6.50043606758,17.480611503,
rapidez, referencia, tiempo, pid,0.476371890498,0.4,6.50959992409,-10,
rapidez, referencia, tiempo, pid,0.426371890498,0.4,6.52226090431,-10,
rapidez, referencia, tiempo, pid,0.376371890498,0.4,6.53491806984,-65.3629804582,
rapidez, referencia, tiempo, pid,0.376371890498,0.4,6.54899787903,73.5144197313,
rapidez, referencia, tiempo, pid,0.376371890498,0.4,6.56142687798,75.3908199207,
rapidez, referencia, tiempo, pid,0.376371890498,0.4,6.57401299477,77.2672201102,
rapidez, referencia, tiempo, pid,0.376371890498,0.4,6.5866420269,79.1436202997,
rapidez, referencia, tiempo, pid,0.376371890498,0.4,6.59981393814,81.0200204892,
rapidez, referencia, tiempo, pid,0.376371890498,0.4,6.61176395416,82.8964206786,
rapidez, referencia, tiempo, pid,0.376371890498,0.4,6.62370896339,84.7728208681,
rapidez, referencia, tiempo, pid,0.376371890498,0.4,6.63622808456,86.6492210576,
rapidez, referencia, tiempo, pid,0.376371890498,0.4,6.64825987816,88.5256212471,
rapidez, referencia, tiempo, pid,0.376371890498,0.4,6.66104698181,90.4020214365,
rapidez, referencia, tiempo, pid,0.376371890498,0.4,6.6740219593,92.278421626,
rapidez, referencia, tiempo, pid,0.376371890498,0.4,6.68607497215,94.1548218155,
rapidez, referencia, tiempo, pid,0.376371890498,0.4,6.69827699661,96.031222005,
rapidez, referencia, tiempo, pid,0.376371890498,0.4,6.71118807793,97.9076221944,
rapidez, referencia, tiempo, pid,0.376371890498,0.4,6.72402787209,99.7840223839,
rapidez, referencia, tiempo, pid,0.376371890498,0.4,6.73615288734,100,
rapidez, referencia, tiempo, pid,0.376371890498,0.4,6.74850988388,100,
rapidez, referencia, tiempo, pid,0.45734784114,0.4,6.75755000114,-10,
rapidez, referencia, tiempo, pid,0.40734784114,0.4,6.77034401894,-10,
rapidez, referencia, tiempo, pid,0.40734784114,0.4,6.78271007538,4.99945230713,
rapidez, referencia, tiempo, pid,0.40734784114,0.4,6.79543089867,4.4159316278,
rapidez, referencia, tiempo, pid,0.40734784114,0.4,6.80977606773,3.83241094848,
rapidez, referencia, tiempo, pid,0.40734784114,0.4,6.82117199898,3.24889026915,
rapidez, referencia, tiempo, pid,0.40734784114,0.4,6.83396792412,2.66536958982,
rapidez, referencia, tiempo, pid,0.40734784114,0.4,6.84695100784,2.0818489105,
rapidez, referencia, tiempo, pid,0.40734784114,0.4,6.85929489136,1.49832823117,
rapidez, referencia, tiempo, pid,0.40734784114,0.4,6.8714299202,0.914807551842,
rapidez, referencia, tiempo, pid,0.40734784114,0.4,6.88408207893,0.331286872515,
rapidez, referencia, tiempo, pid,0.35734784114,0.4,6.8961648941,-0.252233806812,
rapidez, referencia, tiempo, pid,0.35734784114,0.4,6.90917801857,100,
rapidez, referencia, tiempo, pid,0.35734784114,0.4,6.92130589485,100,
rapidez, referencia, tiempo, pid,0.35734784114,0.4,6.93406891823,100,
rapidez, referencia, tiempo, pid,0.35734784114,0.4,6.9461119175,100,
rapidez, referencia, tiempo, pid,0.35734784114,0.4,6.95860099792,100,
rapidez, referencia, tiempo, pid,0.35734784114,0.4,6.97128987312,100,
rapidez, referencia, tiempo, pid,0.35734784114,0.4,6.98409700394,100,
rapidez, referencia, tiempo, pid,0.35734784114,0.4,6.99618887901,100,
rapidez, referencia, tiempo, pid,0.35734784114,0.4,7.00863695145,100,
rapidez, referencia, tiempo, pid,0.35734784114,0.4,7.02122807503,100,
rapidez, referencia, tiempo, pid,0.410704402357,0.4,7.03035187721,-10,
rapidez, referencia, tiempo, pid,0.410704402357,0.4,7.04272007942,18.7516103969,
rapidez, referencia, tiempo, pid,0.410704402357,0.4,7.05569195747,17.90153212,
rapidez, referencia, tiempo, pid,0.410704402357,0.4,7.0677189827,17.0514538432,
rapidez, referencia, tiempo, pid,0.410704402357,0.4,7.08130598068,16.2013755663,
rapidez, referencia, tiempo, pid,0.410704402357,0.4,7.09278607368,15.3512972895,
rapidez, referencia, tiempo, pid,0.410704402357,0.4,7.10567498207,14.5012190126,
rapidez, referencia, tiempo, pid,0.410704402357,0.4,7.11868190765,13.6511407358,
rapidez, referencia, tiempo, pid,0.410704402357,0.4,7.13054299355,12.801062459,
rapidez, referencia, tiempo, pid,0.410704402357,0.4,7.14284086227,11.9509841821,
rapidez, referencia, tiempo, pid,0.410704402357,0.4,7.15560603142,11.1009059053,
rapidez, referencia, tiempo, pid,0.410704402357,0.4,7.16908597946,10.2508276284,
rapidez, referencia, tiempo, pid,0.410704402357,0.4,7.18161296844,9.40074935159,
rapidez, referencia, tiempo, pid,0.410704402357,0.4,7.19411087036,8.55067107474,
rapidez, referencia, tiempo, pid,0.410704402357,0.4,7.20719003677,7.7005927979,
rapidez, referencia, tiempo, pid,0.410704402357,0.4,7.21923804283,6.85051452106,
rapidez, referencia, tiempo, pid,0.410704402357,0.4,7.23142504692,6.00043624421,
rapidez, referencia, tiempo, pid,0.410704402357,0.4,7.24423193932,5.15035796737,
rapidez, referencia, tiempo, pid,0.410704402357,0.4,7.25705695152,4.30027969053,
rapidez, referencia, tiempo, pid,0.410704402357,0.4,7.26925492287,3.45020141368,
rapidez, referencia, tiempo, pid,0.410704402357,0.4,7.28162002563,2.60012313684,
rapidez, referencia, tiempo, pid,0.430997761303,0.4,7.29132986069,-10,
rapidez, referencia, tiempo, pid,0.380997761303,0.4,7.30309700966,-61.8980868322,
rapidez, referencia, tiempo, pid,0.380997761303,0.4,7.31582093239,76.6119549423,
rapidez, referencia, tiempo, pid,0.380997761303,0.4,7.32797694206,78.1209967168,
rapidez, referencia, tiempo, pid,0.380997761303,0.4,7.34081888199,79.6300384913,
rapidez, referencia, tiempo, pid,0.380997761303,0.4,7.35292506218,81.1390802659,
rapidez, referencia, tiempo, pid,0.380997761303,0.4,7.36730408669,82.6481220404,
rapidez, referencia, tiempo, pid,0.380997761303,0.4,7.38003706932,84.1571638149,
rapidez, referencia, tiempo, pid,0.380997761303,0.4,7.39161992073,85.6662055894,
rapidez, referencia, tiempo, pid,0.380997761303,0.4,7.40428686142,87.1752473639,
rapidez, referencia, tiempo, pid,0.380997761303,0.4,7.41725301743,88.6842891384,
rapidez, referencia, tiempo, pid,0.380997761303,0.4,7.42949008942,90.1933309129,
rapidez, referencia, tiempo, pid,0.380997761303,0.4,7.44162392616,91.7023726874,
rapidez, referencia, tiempo, pid,0.380997761303,0.4,7.45438408852,93.2114144619,
rapidez, referencia, tiempo, pid,0.380997761303,0.4,7.46722388268,94.7204562365,
rapidez, referencia, tiempo, pid,0.380997761303,0.4,7.47887587547,96.229498011,
rapidez, referencia, tiempo, pid,0.380997761303,0.4,7.49161887169,97.7385397855,
rapidez, referencia, tiempo, pid,0.380997761303,0.4,7.50442886353,99.24758156,
rapidez, referencia, tiempo, pid,0.380997761303,0.4,7.51649403572,100,
rapidez, referencia, tiempo, pid,0.380997761303,0.4,7.52869391441,100,
rapidez, referencia, tiempo, pid,0.380997761303,0.4,7.5415968895,100,
rapidez, referencia, tiempo, pid,0.380997761303,0.4,7.55360007286,100,
rapidez, referencia, tiempo, pid,0.380997761303,0.4,7.56650900841,100,
rapidez, referencia, tiempo, pid,0.391749166371,0.4,7.57582092285,-62.9827383663,
rapidez, referencia, tiempo, pid,0.391749166371,0.4,7.58796405792,74.673492463,
rapidez, referencia, tiempo, pid,0.391749166371,0.4,7.60026907921,75.3287232923,
rapidez, referencia, tiempo, pid,0.391749166371,0.4,7.61308693886,75.9839541216,
rapidez, referencia, tiempo, pid,0.391749166371,0.4,7.62575507164,76.6391849509,
rapidez, referencia, tiempo, pid,0.391749166371,0.4,7.6389939785,77.2944157802,
rapidez, referencia, tiempo, pid,0.391749166371,0.4,7.65096902847,77.9496466095,
rapidez, referencia, tiempo, pid,0.391749166371,0.4,7.66269397736,78.6048774388,
rapidez, referencia, tiempo, pid,0.391749166371,0.4,7.67475891113,79.2601082681,
rapidez, referencia, tiempo, pid,0.391749166371,0.4,7.68886804581,79.9153390975,
rapidez, referencia, tiempo, pid,0.391749166371,0.4,7.7013258934,80.5705699268,
rapidez, referencia, tiempo, pid,0.391749166371,0.4,7.71386790276,81.2258007561,
rapidez, referencia, tiempo, pid,0.391749166371,0.4,7.72646903992,81.8810315854,
rapidez, referencia, tiempo, pid,0.391749166371,0.4,7.74187493324,82.5362624147,
rapidez, referencia, tiempo, pid,0.391749166371,0.4,7.7517209053,83.191493244,
rapidez, referencia, tiempo, pid,0.391749166371,0.4,7.7633728981,83.8467240733,
rapidez, referencia, tiempo, pid,0.391749166371,0.4,7.77596497536,84.5019549026,
rapidez, referencia, tiempo, pid,0.391749166371,0.4,7.78865790367,85.1571857319,
rapidez, referencia, tiempo, pid,0.391749166371,0.4,7.80113792419,85.8124165612,
rapidez, referencia, tiempo, pid,0.391749166371,0.4,7.81370902061,86.4676473905,
rapidez, referencia, tiempo, pid,0.391749166371,0.4,7.82637906075,87.1228782199,
rapidez, referencia, tiempo, pid,0.391749166371,0.4,7.83944606781,87.7781090492,
rapidez, referencia, tiempo, pid,0.391749166371,0.4,7.85164093971,88.4333398785,
rapidez, referencia, tiempo, pid,0.391749166371,0.4,7.86333203316,89.0885707078,
rapidez, referencia, tiempo, pid,0.422645714674,0.4,7.87312793732,2.63302603634,
rapidez, referencia, tiempo, pid,0.422645714674,0.4,7.88588190079,0.834641645846,
rapidez, referencia, tiempo, pid,0.372645714674,0.4,7.89739489555,-0.963742744651,
rapidez, referencia, tiempo, pid,0.372645714674,0.4,7.91016292572,100,
rapidez, referencia, tiempo, pid,0.372645714674,0.4,7.92309594154,100,
rapidez, referencia, tiempo, pid,0.372645714674,0.4,7.93525505066,100,
rapidez, referencia, tiempo, pid,0.372645714674,0.4,7.94726800919,100,
rapidez, referencia, tiempo, pid,0.372645714674,0.4,7.960242033,100,
rapidez, referencia, tiempo, pid,0.372645714674,0.4,7.97300100327,100,
rapidez, referencia, tiempo, pid,0.372645714674,0.4,7.98518395424,100,
rapidez, referencia, tiempo, pid,0.372645714674,0.4,7.99727296829,100,
rapidez, referencia, tiempo, pid,0.372645714674,0.4,8.01015806198,100,
rapidez, referencia, tiempo, pid,0.372645714674,0.4,8.02222299576,100,
rapidez, referencia, tiempo, pid,0.372645714674,0.4,8.03442001343,100,
rapidez, referencia, tiempo, pid,0.372645714674,0.4,8.04738807678,100,
rapidez, referencia, tiempo, pid,0.372645714674,0.4,8.06014990807,100,
rapidez, referencia, tiempo, pid,0.372645714674,0.4,8.07228589058,100,
rapidez, referencia, tiempo, pid,0.372645714674,0.4,8.08442997932,100,
rapidez, referencia, tiempo, pid,0.372645714674,0.4,8.0973649025,100,
rapidez, referencia, tiempo, pid,0.372645714674,0.4,8.10951209068,100,
rapidez, referencia, tiempo, pid,0.372645714674,0.4,8.12161588669,100,
rapidez, referencia, tiempo, pid,0.372645714674,0.4,8.13450503349,100,
rapidez, referencia, tiempo, pid,0.415354863703,0.4,8.14362096786,-81.9038533765,
rapidez, referencia, tiempo, pid,0.415354863703,0.4,8.1560049057,53.8777571011,
rapidez, referencia, tiempo, pid,0.415354863703,0.4,8.16937398911,52.6583675787,
rapidez, referencia, tiempo, pid,0.415354863703,0.4,8.18222808838,51.4389780563,
rapidez, referencia, tiempo, pid,0.415354863703,0.4,8.19455695152,50.2195885339,
rapidez, referencia, tiempo, pid,0.415354863703,0.4,8.20751786232,49.0001990115,
rapidez, referencia, tiempo, pid,0.415354863703,0.4,8.21951508522,47.7808094891,
rapidez, referencia, tiempo, pid,0.415354863703,0.4,8.23232007027,46.5614199667,
rapidez, referencia, tiempo, pid,0.415354863703,0.4,8.24452996254,45.3420304443,
rapidez, referencia, tiempo, pid,0.415354863703,0.4,8.25752902031,44.1226409219,
rapidez, referencia, tiempo, pid,0.415354863703,0.4,8.26952195168,42.9032513995,
rapidez, referencia, tiempo, pid,0.415354863703,0.4,8.28241205215,41.6838618771,
rapidez, referencia, tiempo, pid,0.415354863703,0.4,8.29453706741,40.4644723548,
rapidez, referencia, tiempo, pid,0.415354863703,0.4,8.30743193626,39.2450828324,
rapidez, referencia, tiempo, pid,0.415354863703,0.4,8.3195168972,38.02569331,
rapidez, referencia, tiempo, pid,0.415354863703,0.4,8.33231592178,36.8063037876,
rapidez, referencia, tiempo, pid,0.415354863703,0.4,8.34461188316,35.5869142652,
rapidez, referencia, tiempo, pid,0.415354863703,0.4,8.35741686821,34.3675247428,
rapidez, referencia, tiempo, pid,0.514454587358,0.4,8.365899086,-10,
rapidez, referencia, tiempo, pid,0.464454587358,0.4,8.37932491302,-10,
rapidez, referencia, tiempo, pid,0.414454587358,0.4,8.39180994034,-10,
rapidez, referencia, tiempo, pid,0.414454587358,0.4,8.4038670063,8.41855136656,
rapidez, referencia, tiempo, pid,0.414454587358,0.4,8.41599392891,7.27065629457,
rapidez, referencia, tiempo, pid,0.414454587358,0.4,8.42907691002,6.12276122257,
rapidez, referencia, tiempo, pid,0.414454587358,0.4,8.44176793098,4.97486615058,
rapidez, referencia, tiempo, pid,0.414454587358,0.4,8.45318293571,3.82697107858,
rapidez, referencia, tiempo, pid,0.414454587358,0.4,8.46602988243,2.67907600658,
rapidez, referencia, tiempo, pid,0.414454587358,0.4,8.47895407677,1.53118093459,
rapidez, referencia, tiempo, pid,0.414454587358,0.4,8.4907989502,0.383285862594,
rapidez, referencia, tiempo, pid,0.364454587358,0.4,8.50521492958,-0.764609209401,
rapidez, referencia, tiempo, pid,0.364454587358,0.4,8.51742005348,100,
rapidez, referencia, tiempo, pid,0.364454587358,0.4,8.52887892723,100,
rapidez, referencia, tiempo, pid,0.364454587358,0.4,8.54026389122,100,
rapidez, referencia, tiempo, pid,0.364454587358,0.4,8.55375790596,100,
rapidez, referencia, tiempo, pid,0.364454587358,0.4,8.56484603882,100,
rapidez, referencia, tiempo, pid,0.364454587358,0.4,8.57736086845,100,
rapidez, referencia, tiempo, pid,0.364454587358,0.4,8.590280056,100,
rapidez, referencia, tiempo, pid,0.364454587358,0.4,8.6030600071,100,
rapidez, referencia, tiempo, pid,0.46138029087,0.4,8.6116540432,-10,
rapidez, referencia, tiempo, pid,0.41138029087,0.4,8.62468504906,-10,
rapidez, referencia, tiempo, pid,0.41138029087,0.4,8.63745498657,15.6180779953,
rapidez, referencia, tiempo, pid,0.41138029087,0.4,8.64966392517,14.7143247796,
rapidez, referencia, tiempo, pid,0.41138029087,0.4,8.66176986694,13.8105715638,
rapidez, referencia, tiempo, pid,0.41138029087,0.4,8.6745929718,12.9068183481,
rapidez, referencia, tiempo, pid,0.41138029087,0.4,8.68822193146,12.0030651323,
rapidez, referencia, tiempo, pid,0.41138029087,0.4,8.70034193993,11.0993119165,
rapidez, referencia, tiempo, pid,0.41138029087,0.4,8.71318292618,10.1955587008,
rapidez, referencia, tiempo, pid,0.41138029087,0.4,8.72607207298,9.29180548501,
rapidez, referencia, tiempo, pid,0.41138029087,0.4,8.73809695244,8.38805226925,
rapidez, referencia, tiempo, pid,0.41138029087,0.4,8.75027298927,7.48429905349,
rapidez, referencia, tiempo, pid,0.41138029087,0.4,8.76321005821,6.58054583773,
rapidez, referencia, tiempo, pid,0.41138029087,0.4,8.77519989014,5.67679262198,
rapidez, referencia, tiempo, pid,0.41138029087,0.4,8.78753399849,4.77303940622,
rapidez, referencia, tiempo, pid,0.41138029087,0.4,8.80032300949,3.86928619046,
rapidez, referencia, tiempo, pid,0.41138029087,0.4,8.81177091599,2.9655329747,
rapidez, referencia, tiempo, pid,0.41138029087,0.4,8.82323098183,2.06177975894,
rapidez, referencia, tiempo, pid,0.513811541726,0.4,8.83457589149,-10,
rapidez, referencia, tiempo, pid,0.463811541726,0.4,8.84608507156,-10,
rapidez, referencia, tiempo, pid,0.413811541726,0.4,8.85740590096,-10,
rapidez, referencia, tiempo, pid,0.363811541726,0.4,8.87148594856,-32.8113777461,
rapidez, referencia, tiempo, pid,0.363811541726,0.4,8.88383698463,100,
rapidez, referencia, tiempo, pid,0.363811541726,0.4,8.89642691612,100,
rapidez, referencia, tiempo, pid,0.363811541726,0.4,8.90906596184,100,
rapidez, referencia, tiempo, pid,0.363811541726,0.4,8.92172908783,100,
rapidez, referencia, tiempo, pid,0.363811541726,0.4,8.9334859848,100,
rapidez, referencia, tiempo, pid,0.363811541726,0.4,8.94615793228,100,
rapidez, referencia, tiempo, pid,0.363811541726,0.4,8.95879507065,100,
rapidez, referencia, tiempo, pid,0.363811541726,0.4,8.97078108788,100,
rapidez, referencia, tiempo, pid,0.363811541726,0.4,8.98355698586,100,
rapidez, referencia, tiempo, pid,0.363811541726,0.4,8.99602508545,100,
rapidez, referencia, tiempo, pid,0.363811541726,0.4,9.0086209774,100,
rapidez, referencia, tiempo, pid,0.363811541726,0.4,9.01973795891,100,
rapidez, referencia, tiempo, pid,0.363811541726,0.4,9.03150892258,100,
rapidez, referencia, tiempo, pid,0.363811541726,0.4,9.04269099236,100,
rapidez, referencia, tiempo, pid,0.363811541726,0.4,9.0548350811,100,
rapidez, referencia, tiempo, pid,0.363811541726,0.4,9.06598496437,100,
rapidez, referencia, tiempo, pid,0.363811541726,0.4,9.07712292671,100,
rapidez, referencia, tiempo, pid,0.363811541726,0.4,9.08856201172,100,
rapidez, referencia, tiempo, pid,0.423698133291,0.4,9.10026788712,-10,
rapidez, referencia, tiempo, pid,0.373698133291,0.4,9.11170196533,-15.9058580052,
rapidez, referencia, tiempo, pid,0.373698133291,0.4,9.12309098244,100,
rapidez, referencia, tiempo, pid,0.373698133291,0.4,9.13557505608,100,
rapidez, referencia, tiempo, pid,0.373698133291,0.4,9.14737987518,100,
rapidez, referencia, tiempo, pid,0.373698133291,0.4,9.15820789337,100,
rapidez, referencia, tiempo, pid,0.373698133291,0.4,9.17020392418,100,
rapidez, referencia, tiempo, pid,0.373698133291,0.4,9.18150305748,100,
rapidez, referencia, tiempo, pid,0.373698133291,0.4,9.19305205345,100,
rapidez, referencia, tiempo, pid,0.373698133291,0.4,9.20414495468,100,
rapidez, referencia, tiempo, pid,0.373698133291,0.4,9.21587085724,100,
rapidez, referencia, tiempo, pid,0.373698133291,0.4,9.22760391235,100,
rapidez, referencia, tiempo, pid,0.373698133291,0.4,9.23822689056,100,
rapidez, referencia, tiempo, pid,0.373698133291,0.4,9.25232291222,100,
rapidez, referencia, tiempo, pid,0.373698133291,0.4,9.26395201683,100,
rapidez, referencia, tiempo, pid,0.373698133291,0.4,9.2753329277,100,
rapidez, referencia, tiempo, pid,0.373698133291,0.4,9.28671908379,100,
rapidez, referencia, tiempo, pid,0.373698133291,0.4,9.29823303223,100,
rapidez, referencia, tiempo, pid,0.373698133291,0.4,9.31108498573,100,
rapidez, referencia, tiempo, pid,0.373698133291,0.4,9.32236409187,100,
rapidez, referencia, tiempo, pid,0.373698133291,0.4,9.33439993858,100,
rapidez, referencia, tiempo, pid,0.373698133291,0.4,9.34676790237,100,
rapidez, referencia, tiempo, pid,0.373698133291,0.4,9.35961389542,100,
rapidez, referencia, tiempo, pid,0.418297886693,0.4,9.36893200874,-99.6704685803,
rapidez, referencia, tiempo, pid,0.418297886693,0.4,9.38109087944,35.8774249808,
rapidez, referencia, tiempo, pid,0.418297886693,0.4,9.39385890961,34.4243185418,
rapidez, referencia, tiempo, pid,0.418297886693,0.4,9.4059419632,32.9712121029,
rapidez, referencia, tiempo, pid,0.418297886693,0.4,9.41839194298,31.5181056639,
rapidez, referencia, tiempo, pid,0.418297886693,0.4,9.43124389648,30.064999225,
rapidez, referencia, tiempo, pid,0.418297886693,0.4,9.44396996498,28.611892786,
rapidez, referencia, tiempo, pid,0.418297886693,0.4,9.45827102661,27.1587863471,
rapidez, referencia, tiempo, pid,0.418297886693,0.4,9.47113108635,25.7056799082,
rapidez, referencia, tiempo, pid,0.418297886693,0.4,9.48400187492,24.2525734692,
rapidez, referencia, tiempo, pid,0.418297886693,0.4,9.49615192413,22.7994670303,
rapidez, referencia, tiempo, pid,0.418297886693,0.4,9.5082359314,21.3463605913,
rapidez, referencia, tiempo, pid,0.418297886693,0.4,9.52113604546,19.8932541524,
rapidez, referencia, tiempo, pid,0.418297886693,0.4,9.5330760479,18.4401477134,
rapidez, referencia, tiempo, pid,0.418297886693,0.4,9.54606795311,16.9870412745,
rapidez, referencia, tiempo, pid,0.418297886693,0.4,9.55823397636,15.5339348356,
rapidez, referencia, tiempo, pid,0.418297886693,0.4,9.57103300095,14.0808283966,
rapidez, referencia, tiempo, pid,0.418297886693,0.4,9.58327507973,12.6277219577,
rapidez, referencia, tiempo, pid,0.418297886693,0.4,9.59550094604,11.1746155187,
rapidez, referencia, tiempo, pid,0.418297886693,0.4,9.60852098465,9.72150907978,
rapidez, referencia, tiempo, pid,0.418297886693,0.4,9.62035894394,8.26840264084,
rapidez, referencia, tiempo, pid,0.418297886693,0.4,9.63265705109,6.8152962019,
rapidez, referencia, tiempo, pid,0.418297886693,0.4,9.64552497864,5.36218976295,
rapidez, referencia, tiempo, pid,0.389893587086,0.4,9.65469789505,-56.9785663356,
rapidez, referencia, tiempo, pid,0.389893587086,0.4,9.66701388359,80.8250232708,
rapidez, referencia, tiempo, pid,0.389893587086,0.4,9.67987394333,81.6276128772,
rapidez, referencia, tiempo, pid,0.389893587086,0.4,9.69263505936,82.4302024836,
rapidez, referencia, tiempo, pid,0.389893587086,0.4,9.70561003685,83.2327920901,
rapidez, referencia, tiempo, pid,0.389893587086,0.4,9.71859407425,84.0353816965,
rapidez, referencia, tiempo, pid,0.389893587086,0.4,9.72985196114,84.8379713029,
rapidez, referencia, tiempo, pid,0.389893587086,0.4,9.74373292923,85.6405609093,
rapidez, referencia, tiempo, pid,0.389893587086,0.4,9.75562787056,86.4431505158,
rapidez, referencia, tiempo, pid,0.389893587086,0.4,9.76762294769,87.2457401222,
rapidez, referencia, tiempo, pid,0.389893587086,0.4,9.77985286713,88.0483297286,
rapidez, referencia, tiempo, pid,0.389893587086,0.4,9.7927479744,88.850919335,
rapidez, referencia, tiempo, pid,0.389893587086,0.4,9.80553197861,89.6535089415,
rapidez, referencia, tiempo, pid,0.389893587086,0.4,9.81687903404,90.4560985479,
rapidez, referencia, tiempo, pid,0.389893587086,0.4,9.82855200768,91.2586881543,
rapidez, referencia, tiempo, pid,0.389893587086,0.4,9.84001708031,92.0612777607,
rapidez, referencia, tiempo, pid,0.389893587086,0.4,9.85130596161,92.8638673672,
rapidez, referencia, tiempo, pid,0.389893587086,0.4,9.86277890205,93.6664569736,
rapidez, referencia, tiempo, pid,0.389893587086,0.4,9.87416195869,94.46904658,
rapidez, referencia, tiempo, pid,0.389893587086,0.4,9.88769102097,95.2716361864,
rapidez, referencia, tiempo, pid,0.389893587086,0.4,9.899050951,96.0742257929,
rapidez, referencia, tiempo, pid,0.444531834108,0.4,9.90842008591,-10,
rapidez, referencia, tiempo, pid,0.394531834108,0.4,9.92001795769,-64.6792512538,
rapidez, referencia, tiempo, pid,0.394531834108,0.4,9.93135786057,72.7559970942,
rapidez, referencia, tiempo, pid,0.394531834108,0.4,9.94272708893,73.1902454421,
rapidez, referencia, tiempo, pid,0.394531834108,0.4,9.95416808128,73.62449379,
rapidez, referencia, tiempo, pid,0.394531834108,0.4,9.96555900574,74.0587421379,
rapidez, referencia, tiempo, pid,0.394531834108,0.4,9.97693991661,74.4929904858,
rapidez, referencia, tiempo, pid,0.394531834108,0.4,9.98849487305,74.9272388338,
rapidez, referencia, tiempo, pid,0.394531834108,0.4,10.0005428791,75.3614871817,
